product_id,name,category,brand,price,stock_quantity,rating,is_active
1,Product 1,Toys,BeautyGlow,995.73,989,3.5,True
2,Product 2,Garden,GardenMaster,497.76,495,3.8,True
3,Product 3,Electronics,BeautyGlow,331.63,10,4.6,True
4,Product 4,Beauty,TechPro,798.83,683,4.7,False
5,Product 5,Automotive,HomeSmart,-454.98,719,4.4,False
6,Product 6,Electronics,BookWorm,645.3,823,2.2,False
7,Product 7,Automotive,FashionX,549.08,999,1.1,False
8,Product 8,Books,TechPro,982.36,542,2.4,False
9,Product 9,Toys,FashionX,307.14,671,1.0,True
10,Product 10,Garden,BeautyGlow,871.38,975,3.4,False
11,Product 11,Books,AutoZoom,943.03,768,4.6,False
12,Product 12,Clothing,ToyFun,194.04,284,2.7,False
13,Product 13,Clothing,SportMax,220.49,7,2.4,False
14,Product 14,Toys,TechPro,293.38,349,1.5,False
15,Product 15,Electronics,TechPro,916.48,39,1.3,False
16,Product 16,Books,BookWorm,282.79,301,1.9000000000000001,True
17,Product 17,Toys,ToyFun,311.69,121,1.7,False
18,Product 18,Electronics,GardenMaster,951.77,911,1.7,False
19,Product 19,Electronics,BookWorm,745.12,819,3.3,False
20,Product 20,Books,BeautyGlow,515.79,726,1.6,False
21,Product 21,Sports,TechPro,717.88,58,2.3,False
22,Product 22,Automotive,AutoZoom,743.77,134,3.0,True
23,Product 23,Toys,ToyFun,292.63,474,4.7,True
24,Product 24,Automotive,GardenMaster,942.59,267,3.9,True
25,Product 25,Sports,TechPro,235.59,453,5.0,False
26,Product 26,Clothing,BookWorm,19.8,511,1.2,False
27,Product 27,Electronics,TechPro,188.18,142,3.6,True
28,Product 28,Garden,GardenMaster,558.14,231,4.7,True
29,Product 29,Home,BookWorm,28.61,715,2.2,True
30,Product 30,Automotive,AutoZoom,859.07,269,4.4,True
31,Product 31,Electronics,TechPro,391.89,365,4.0,True
32,Product 32,Electronics,SportMax,408.99,801,1.6,False
33,Product 33,Beauty,TastyBites,239.84,280,3.9,False
34,Product 34,Books,FashionX,580.56,883,3.5,False
35,Product 35,Sports,BeautyGlow,949.84,1,2.0,False
36,Product 36,Toys,GardenMaster,422.47,396,2.8,True
37,Product 37,Beauty,ToyFun,923.0,668,1.9000000000000001,True
38,Product 38,Garden,ToyFun,58.24,756,4.1,False
39,Product 39,Automotive,TastyBites,-221.12,198,1.4,False
40,Product 40,Automotive,TechPro,41.41,286,2.0,True
41,Product 41,Books,GardenMaster,407.34,30,2.0,True
42,Product 42,Clothing,BookWorm,213.79,823,1.6,True
43,Product 43,Automotive,SportMax,262.47,551,4.6,False
44,Product 44,Clothing,FashionX,604.07,496,4.7,False
45,Product 45,Clothing,BeautyGlow,976.93,136,4.7,True
46,Product 46,Electronics,TastyBites,650.12,283,1.4,False
47,Product 47,Food,BeautyGlow,208.03,995,4.3,False
48,Product 48,Toys,BeautyGlow,801.51,112,2.8,True
49,Product 49,Toys,FashionX,570.26,295,2.8,True
50,Product 50,Food,BeautyGlow,293.14,25,2.8,True
51,Product 51,Automotive,TastyBites,13.15,94,4.7,False
52,Product 52,Electronics,TechPro,918.49,893,2.3,False
53,Product 53,Books,HomeSmart,911.35,145,3.9,False
54,Product 54,Automotive,AutoZoom,38.91,849,2.4,False
55,Product 55,Garden,BookWorm,111.09,743,3.2,False
56,Product 56,Books,TechPro,143.88,609,1.2,True
57,Product 57,Beauty,BookWorm,399.35,129,5.0,False
58,Product 58,Clothing,GardenMaster,55.74,240,2.8,False
59,Product 59,Sports,AutoZoom,627.0,280,1.1,True
60,Product 60,Clothing,SportMax,776.82,70,3.5,False
61,Product 61,Sports,TechPro,82.01,764,3.1,True
62,Product 62,Electronics,GardenMaster,227.42,682,2.6,False
63,Product 63,Sports,TastyBites,100.06,110,3.7,False
64,Product 64,Automotive,BeautyGlow,256.04,644,4.9,True
65,Product 65,Sports,SportMax,262.07,657,1.4,True
66,Product 66,Electronics,GardenMaster,397.93,606,2.6,True
67,Product 67,Food,GardenMaster,673.32,511,3.3,True
68,Product 68,Books,SportMax,45.19,595,2.5,True
69,Product 69,Automotive,TastyBites,89.79,887,2.1,False
70,Product 70,Clothing,FashionX,60.49,408,4.7,False
71,Product 71,Automotive,SportMax,773.24,761,3.3,False
72,Product 72,Toys,BeautyGlow,798.72,289,2.7,True
73,Product 73,Electronics,ToyFun,525.36,160,2.0,False
74,Product 74,Books,AutoZoom,71.55,260,1.3,True
75,Product 75,Toys,GardenMaster,642.21,667,1.6,True
76,Product 76,Sports,BookWorm,343.23,334,3.7,False
77,Product 77,Home,BookWorm,812.16,401,3.4,True
78,Product 78,Beauty,ToyFun,49.36,567,1.7,False
79,Product 79,Garden,ToyFun,64.0,501,2.0,False
80,Product 80,Beauty,TechPro,654.47,298,4.1,False
81,Product 81,Beauty,TechPro,252.08,385,3.6,False
82,Product 82,Home,SportMax,50.1,714,3.0,True
83,Product 83,Garden,GardenMaster,567.19,918,3.5,True
84,Product 84,Clothing,BeautyGlow,933.87,659,1.9000000000000001,True
85,Product 85,Beauty,GardenMaster,952.01,978,2.0,True
86,Product 86,Home,FashionX,186.39,444,1.4,False
87,Product 87,Electronics,ToyFun,663.11,955,1.4,False
88,Product 88,Clothing,AutoZoom,168.42,454,2.5,True
89,Product 89,Toys,BeautyGlow,93.38,324,4.5,False
90,Product 90,Beauty,FashionX,747.57,5,2.1,True
91,Product 91,Garden,SportMax,916.67,720,3.5,True
92,Product 92,Automotive,TastyBites,44.18,475,4.3,True
93,Product 93,Food,FashionX,783.51,504,1.8,False
94,Product 94,Clothing,FashionX,412.74,360,4.1,False
95,Product 95,Sports,HomeSmart,92.49,420,2.9,False
96,Product 96,Toys,ToyFun,134.5,852,2.2,True
97,Product 97,Automotive,SportMax,829.81,725,1.5,True
98,Product 98,Clothing,TechPro,566.78,820,2.3,True
99,Product 99,Beauty,AutoZoom,787.48,514,2.6,True
100,Product 100,Beauty,FashionX,112.4,205,2.3,False
101,Product 101,Garden,SportMax,648.71,262,4.5,True
102,Product 102,Sports,BookWorm,327.77,548,2.3,False
103,Product 103,Home,AutoZoom,436.2,132,1.7,True
104,Product 104,Home,AutoZoom,803.55,617,2.1,True
105,Product 105,Food,AutoZoom,631.17,903,3.2,True
106,Product 106,Beauty,TastyBites,209.76,496,3.6,True
107,Product 107,Beauty,ToyFun,808.48,833,2.3,True
108,Product 108,Clothing,AutoZoom,391.48,550,4.5,False
109,Product 109,Toys,BookWorm,621.25,455,1.6,False
110,Product 110,Toys,GardenMaster,811.66,763,2.2,True
111,Product 111,Food,TechPro,742.19,941,2.9,True
112,Product 112,Garden,FashionX,54.6,42,2.0,True
113,Product 113,Home,BookWorm,218.97,591,3.6,False
114,Product 114,Automotive,GardenMaster,974.29,120,2.5,False
115,Product 115,Clothing,AutoZoom,980.51,654,1.1,True
116,Product 116,Toys,BeautyGlow,799.17,323,2.2,True
117,Product 117,Home,TechPro,551.24,176,2.1,False
118,Product 118,Books,FashionX,685.38,728,4.6,True
119,Product 119,Garden,AutoZoom,280.77,508,4.7,False
120,Product 120,Food,FashionX,573.9,109,5.0,False
121,Product 121,Toys,BeautyGlow,647.33,23,2.9,False
122,Product 122,Electronics,TastyBites,160.19,768,2.0,True
123,Product 123,Clothing,AutoZoom,189.66,162,2.7,True
124,Product 124,Books,AutoZoom,-231.54,825,2.9,False
125,Product 125,Home,AutoZoom,757.24,597,3.3,False
126,Product 126,Automotive,BeautyGlow,720.93,429,4.9,True
127,Product 127,Books,HomeSmart,564.29,928,3.3,False
128,Product 128,Food,TastyBites,897.13,143,1.1,False
129,Product 129,Home,SportMax,40.89,97,1.9000000000000001,True
130,Product 130,Home,BeautyGlow,263.33,181,3.1,False
131,Product 131,Automotive,ToyFun,39.63,725,3.6,True
132,Product 132,Electronics,SportMax,572.45,327,2.9,True
133,Product 133,Beauty,BookWorm,799.13,259,2.6,False
134,Product 134,Clothing,TastyBites,253.1,653,3.3,False
135,Product 135,Clothing,SportMax,439.99,776,3.7,False
136,Product 136,Garden,TechPro,800.96,873,2.1,False
137,Product 137,Garden,ToyFun,668.38,710,3.7,False
138,Product 138,Books,SportMax,799.37,390,2.8,True
139,Product 139,Books,TechPro,977.91,556,4.6,False
140,Product 140,Toys,SportMax,626.55,575,2.4,True
141,Product 141,Toys,HomeSmart,992.49,439,3.8,False
142,Product 142,Automotive,TechPro,143.71,793,4.4,True
143,Product 143,Beauty,FashionX,248.51,708,2.0,False
144,Product 144,Beauty,TastyBites,19.26,534,2.4,False
145,Product 145,Electronics,TechPro,-189.6,855,1.5,True
146,Product 146,Food,SportMax,231.29,581,1.2,True
147,Product 147,Books,ToyFun,531.36,922,4.1,True
148,Product 148,Home,GardenMaster,545.57,627,1.6,False
149,Product 149,Clothing,TechPro,658.17,898,1.9000000000000001,False
150,Product 150,Home,TastyBites,220.67,892,1.9000000000000001,True
151,Product 151,Books,SportMax,105.06,416,1.8,False
152,Product 152,Toys,TechPro,844.0,707,1.2,True
153,Product 153,Toys,BookWorm,390.19,933,1.3,True
154,Product 154,Books,ToyFun,269.84,794,4.5,True
155,Product 155,Beauty,HomeSmart,778.95,42,2.9,True
156,Product 156,Automotive,AutoZoom,136.94,44,4.3,False
157,Product 157,Beauty,TechPro,844.98,458,1.5,False
158,Product 158,Beauty,FashionX,630.77,853,1.7,True
159,Product 159,Food,ToyFun,755.51,348,2.8,True
160,Product 160,Automotive,ToyFun,469.04,219,4.9,True
161,Product 161,Automotive,GardenMaster,179.41,610,3.2,True
162,Product 162,Electronics,HomeSmart,843.66,157,1.1,False
163,Product 163,Automotive,TastyBites,123.44,939,3.9,True
164,Product 164,Books,AutoZoom,52.17,813,4.0,True
165,Product 165,Beauty,TechPro,482.28,847,1.4,False
166,Product 166,Clothing,ToyFun,987.58,921,4.3,True
167,Product 167,Books,TastyBites,600.11,937,4.2,True
168,Product 168,Garden,TastyBites,291.56,646,3.8,True
169,Product 169,Clothing,HomeSmart,42.28,231,3.9,True
170,Product 170,Clothing,TastyBites,163.06,225,1.0,True
171,Product 171,Sports,GardenMaster,447.93,568,4.6,False
172,Product 172,Garden,SportMax,397.64,637,1.9000000000000001,False
173,Product 173,Automotive,GardenMaster,137.01,604,2.0,True
174,Product 174,Automotive,ToyFun,201.18,861,2.0,True
175,Product 175,Garden,SportMax,250.93,274,2.3,True
176,Product 176,Food,BookWorm,13.39,787,2.1,False
177,Product 177,Garden,ToyFun,676.79,348,1.4,True
178,Product 178,Sports,TastyBites,140.67,166,2.7,True
179,Product 179,Sports,FashionX,964.64,469,1.0,True
180,Product 180,Food,FashionX,251.0,245,3.9,True
181,Product 181,Clothing,ToyFun,621.8,471,3.4,True
182,Product 182,Automotive,TastyBites,785.28,369,3.4,False
183,Product 183,Home,GardenMaster,590.12,117,5.0,False
184,Product 184,Automotive,AutoZoom,982.02,402,4.4,False
185,Product 185,Garden,TastyBites,787.54,938,1.5,False
186,Product 186,Clothing,BookWorm,771.72,811,3.0,False
187,Product 187,Garden,FashionX,805.62,874,3.3,True
188,Product 188,Beauty,GardenMaster,694.53,765,4.1,False
189,Product 189,Beauty,HomeSmart,597.39,461,2.5,False
190,Product 190,Toys,HomeSmart,359.45,439,3.8,False
191,Product 191,Clothing,AutoZoom,63.54,838,1.7,False
192,Product 192,Garden,GardenMaster,716.9,411,4.7,False
193,Product 193,Sports,BookWorm,193.97,157,1.2,True
194,Product 194,Garden,AutoZoom,492.95,648,4.2,True
195,Product 195,Home,GardenMaster,439.12,556,4.1,True
196,Product 196,Toys,BookWorm,470.58,650,2.2,False
197,Product 197,Garden,TastyBites,744.29,705,2.9,True
198,Product 198,Food,TechPro,21.26,976,3.1,False
199,Product 199,Beauty,ToyFun,601.93,353,4.3,False
200,Product 200,Sports,BeautyGlow,880.72,562,2.2,True
201,Product 201,Garden,ToyFun,648.13,147,2.1,False
202,Product 202,Books,AutoZoom,544.45,172,3.9,True
203,Product 203,Food,TechPro,527.34,234,2.2,False
204,Product 204,Automotive,GardenMaster,932.62,596,3.7,True
205,Product 205,Sports,AutoZoom,148.18,89,5.0,False
206,Product 206,Food,HomeSmart,439.59,164,3.0,True
207,Product 207,Automotive,GardenMaster,699.95,706,2.0,False
208,Product 208,Garden,ToyFun,29.18,62,2.5,True
209,Product 209,Garden,BookWorm,957.37,551,3.8,True
210,Product 210,Toys,SportMax,743.79,553,2.1,False
211,Product 211,Electronics,SportMax,310.63,501,4.9,False
212,Product 212,Garden,BookWorm,401.32,179,3.9,False
213,Product 213,Home,ToyFun,62.09,909,4.3,True
214,Product 214,Food,FashionX,220.65,648,3.1,False
215,Product 215,Sports,TastyBites,997.56,726,2.0,True
216,Product 216,Electronics,SportMax,246.63,117,4.0,True
217,Product 217,Garden,TechPro,490.79,783,3.3,False
218,Product 218,Books,SportMax,227.79,599,1.5,False
219,Product 219,Toys,FashionX,-265.92,847,1.9000000000000001,False
220,Product 220,Automotive,SportMax,595.31,861,5.0,False
221,Product 221,Home,AutoZoom,133.89,601,2.0,False
222,Product 222,Clothing,HomeSmart,817.17,537,4.0,False
223,Product 223,Automotive,TastyBites,945.41,991,3.9,True
224,Product 224,Sports,BeautyGlow,553.32,854,2.4,False
225,Product 225,Garden,ToyFun,82.31,836,2.2,False
226,Product 226,Electronics,SportMax,339.68,696,1.9000000000000001,False
227,Product 227,Home,SportMax,560.61,884,2.0,False
228,Product 228,Home,GardenMaster,318.99,772,2.3,False
229,Product 229,Sports,TechPro,127.51,222,1.2,True
230,Product 230,Sports,TechPro,476.62,358,2.3,False
231,Product 231,Automotive,FashionX,451.87,666,3.2,False
232,Product 232,Sports,BookWorm,975.02,655,3.0,True
233,Product 233,Toys,BookWorm,992.78,647,1.2,False
234,Product 234,Sports,AutoZoom,235.4,314,4.3,False
235,Product 235,Home,TechPro,570.02,517,1.1,True
236,Product 236,Books,HomeSmart,872.34,375,3.9,True
237,Product 237,Toys,HomeSmart,951.53,156,2.0,False
238,Product 238,Food,FashionX,223.2,654,4.0,True
239,Product 239,Books,GardenMaster,482.19,356,4.1,True
240,Product 240,Electronics,SportMax,217.82,317,1.3,False
241,Product 241,Food,TastyBites,706.5,530,4.1,True
242,Product 242,Books,ToyFun,603.23,180,3.2,False
243,Product 243,Electronics,BeautyGlow,595.48,830,1.6,True
244,Product 244,Beauty,TastyBites,411.22,552,3.9,True
245,Product 245,Clothing,AutoZoom,782.05,991,3.2,True
246,Product 246,Books,TechPro,991.07,388,2.0,True
247,Product 247,Clothing,BeautyGlow,422.51,576,2.8,False
248,Product 248,Toys,TastyBites,910.86,220,2.1,True
249,Product 249,Clothing,BeautyGlow,85.54,342,3.5,False
250,Product 250,Sports,ToyFun,864.54,948,2.6,False
251,Product 251,Garden,TechPro,222.67,369,3.9,False
252,Product 252,Home,AutoZoom,465.92,173,1.8,False
253,Product 253,Home,HomeSmart,274.08,404,3.6,True
254,Product 254,Sports,ToyFun,96.39,647,3.8,False
255,Product 255,Garden,BookWorm,930.23,333,2.4,True
256,Product 256,Home,FashionX,-190.76,305,3.0,False
257,Product 257,Clothing,BookWorm,86.23,53,2.7,False
258,Product 258,Books,BookWorm,57.11,605,4.0,False
259,Product 259,Automotive,GardenMaster,317.69,873,1.1,True
260,Product 260,Toys,SportMax,362.9,6,1.1,False
261,Product 261,Clothing,BookWorm,233.5,568,4.5,True
262,Product 262,Electronics,ToyFun,200.08,13,4.0,True
263,Product 263,Home,HomeSmart,-586.76,377,1.7,False
264,Product 264,Sports,BookWorm,645.87,49,3.5,False
265,Product 265,Electronics,BookWorm,767.81,399,5.0,False
266,Product 266,Electronics,GardenMaster,574.54,957,2.6,False
267,Product 267,Automotive,AutoZoom,425.85,20,4.1,True
268,Product 268,Clothing,SportMax,51.77,688,4.1,False
269,Product 269,Sports,ToyFun,-657.79,348,2.1,False
270,Product 270,Automotive,SportMax,521.05,646,1.0,True
271,Product 271,Toys,ToyFun,400.07,812,4.6,False
272,Product 272,Automotive,FashionX,202.73,135,1.6,False
273,Product 273,Books,SportMax,169.87,876,2.6,False
274,Product 274,Toys,ToyFun,428.87,403,4.5,True
275,Product 275,Books,BeautyGlow,347.53,982,4.7,False
276,Product 276,Beauty,TastyBites,311.19,862,4.1,True
277,Product 277,Home,TastyBites,10.03,426,2.0,False
278,Product 278,Garden,HomeSmart,334.55,426,4.1,False
279,Product 279,Toys,SportMax,161.99,438,4.9,True
280,Product 280,Clothing,ToyFun,966.19,769,1.5,False
281,Product 281,Electronics,TastyBites,315.88,440,2.8,True
282,Product 282,Garden,BookWorm,-10.43,953,2.8,True
283,Product 283,Books,BeautyGlow,649.17,320,2.9,True
284,Product 284,Clothing,HomeSmart,671.26,170,3.8,True
285,Product 285,Automotive,BeautyGlow,843.85,915,2.6,False
286,Product 286,Sports,GardenMaster,814.34,546,1.6,False
287,Product 287,Beauty,BeautyGlow,962.16,878,1.6,True
288,Product 288,Clothing,TastyBites,599.84,970,3.0,False
289,Product 289,Sports,HomeSmart,566.34,54,2.5,True
290,Product 290,Clothing,FashionX,355.14,474,1.3,True
291,Product 291,Home,ToyFun,950.63,491,1.5,True
292,Product 292,Food,HomeSmart,979.31,169,1.1,True
293,Product 293,Automotive,HomeSmart,614.14,125,2.8,True
294,Product 294,Home,SportMax,442.43,760,2.6,False
295,Product 295,Automotive,TechPro,803.15,70,4.4,False
296,Product 296,Food,FashionX,157.05,821,4.0,False
297,Product 297,Garden,TastyBites,203.99,865,4.1,False
298,Product 298,Garden,SportMax,977.59,710,2.9,True
299,Product 299,Clothing,AutoZoom,424.63,755,1.6,False
300,Product 300,Sports,HomeSmart,-774.22,696,1.6,False
301,Product 301,Books,TechPro,498.21,756,1.0,True
302,Product 302,Electronics,FashionX,603.56,96,3.6,False
303,Product 303,Automotive,FashionX,489.83,773,1.6,False
304,Product 304,Sports,SportMax,782.08,51,2.3,True
305,Product 305,Automotive,FashionX,321.45,508,3.7,False
306,Product 306,Home,TastyBites,600.51,69,3.2,True
307,Product 307,Clothing,TastyBites,800.74,431,3.7,True
308,Product 308,Home,TechPro,717.54,837,1.3,True
309,Product 309,Garden,AutoZoom,237.17,657,2.5,True
310,Product 310,Food,HomeSmart,721.54,288,3.0,True
311,Product 311,Sports,HomeSmart,263.33,825,1.8,False
312,Product 312,Garden,TastyBites,98.01,859,3.4,False
313,Product 313,Automotive,AutoZoom,299.17,508,4.2,True
314,Product 314,Books,TastyBites,703.91,829,4.8,False
315,Product 315,Electronics,ToyFun,635.83,399,2.0,False
316,Product 316,Electronics,TastyBites,951.44,636,4.8,True
317,Product 317,Books,TastyBites,732.07,175,4.5,True
318,Product 318,Books,BookWorm,285.03,282,3.5,False
319,Product 319,Food,ToyFun,123.91,63,2.6,False
320,Product 320,Books,AutoZoom,828.33,776,4.5,False
321,Product 321,Sports,HomeSmart,396.93,179,4.8,False
322,Product 322,Toys,TastyBites,620.11,80,3.2,False
323,Product 323,Electronics,AutoZoom,523.89,670,5.0,True
324,Product 324,Electronics,TechPro,222.16,585,3.0,False
325,Product 325,Home,TastyBites,714.1,239,3.1,False
326,Product 326,Garden,TastyBites,648.71,913,3.8,False
327,Product 327,Clothing,TechPro,343.46,773,3.0,True
328,Product 328,Garden,AutoZoom,864.18,138,2.6,True
329,Product 329,Garden,BookWorm,322.08,188,2.6,False
330,Product 330,Beauty,ToyFun,601.86,411,2.7,True
331,Product 331,Beauty,FashionX,325.76,382,1.7,False
332,Product 332,Clothing,BookWorm,681.5,146,3.9,False
333,Product 333,Clothing,TechPro,768.13,707,4.7,True
334,Product 334,Automotive,HomeSmart,60.84,571,2.7,True
335,Product 335,Home,BookWorm,947.12,215,1.3,False
336,Product 336,Clothing,FashionX,244.67,803,4.4,False
337,Product 337,Books,ToyFun,829.57,587,1.7,False
338,Product 338,Toys,GardenMaster,226.98,226,1.4,True
339,Product 339,Automotive,BookWorm,493.69,986,4.4,True
340,Product 340,Food,HomeSmart,660.87,779,2.1,False
341,Product 341,Clothing,AutoZoom,721.43,748,2.5,True
342,Product 342,Books,TechPro,919.04,735,3.9,False
343,Product 343,Home,TechPro,524.93,284,4.0,False
344,Product 344,Garden,FashionX,323.56,432,4.7,True
345,Product 345,Beauty,GardenMaster,661.95,295,1.2,True
346,Product 346,Home,TechPro,230.26,532,2.5,False
347,Product 347,Clothing,TastyBites,486.89,964,1.9000000000000001,True
348,Product 348,Clothing,TechPro,813.54,936,3.6,False
349,Product 349,Garden,HomeSmart,278.74,509,1.9000000000000001,True
350,Product 350,Home,GardenMaster,139.33,645,2.1,True
351,Product 351,Electronics,BeautyGlow,287.11,619,2.1,False
352,Product 352,Beauty,HomeSmart,20.76,635,1.9000000000000001,True
353,Product 353,Garden,TastyBites,188.97,326,3.1,False
354,Product 354,Garden,BookWorm,180.05,21,3.6,True
355,Product 355,Toys,AutoZoom,551.79,765,2.9,False
356,Product 356,Automotive,ToyFun,461.83,966,2.1,False
357,Product 357,Electronics,AutoZoom,599.85,457,5.0,False
358,Product 358,Electronics,GardenMaster,796.47,214,3.9,True
359,Product 359,Toys,BeautyGlow,52.32,578,4.9,False
360,Product 360,Garden,AutoZoom,871.24,816,3.5,True
361,Product 361,Food,BookWorm,139.2,782,3.9,True
362,Product 362,Beauty,TechPro,537.56,147,2.8,False
363,Product 363,Books,FashionX,400.7,100,1.9000000000000001,True
364,Product 364,Food,TastyBites,123.1,542,3.7,False
365,Product 365,Clothing,FashionX,40.22,323,1.0,True
366,Product 366,Electronics,ToyFun,284.73,285,1.3,True
367,Product 367,Home,BeautyGlow,612.43,536,3.8,True
368,Product 368,Garden,AutoZoom,596.59,408,4.4,True
369,Product 369,Sports,SportMax,640.16,846,4.3,False
370,Product 370,Food,GardenMaster,568.3,331,4.9,True
371,Product 371,Sports,AutoZoom,278.55,936,1.8,True
372,Product 372,Sports,BookWorm,182.1,916,2.9,True
373,Product 373,Electronics,GardenMaster,27.51,137,2.1,True
374,Product 374,Clothing,AutoZoom,476.77,292,4.7,False
375,Product 375,Clothing,TastyBites,28.29,494,2.6,False
376,Product 376,Clothing,HomeSmart,750.4,456,1.5,False
377,Product 377,Food,ToyFun,763.66,363,2.4,True
378,Product 378,Beauty,TechPro,692.62,650,3.2,False
379,Product 379,Toys,AutoZoom,-80.84,919,1.6,False
380,Product 380,Electronics,BeautyGlow,484.86,63,4.9,False
381,Product 381,Garden,FashionX,344.81,892,3.8,True
382,Product 382,Toys,TechPro,58.12,966,1.6,False
383,Product 383,Beauty,BeautyGlow,738.33,441,3.9,False
384,Product 384,Sports,HomeSmart,641.93,9,4.0,False
385,Product 385,Automotive,BookWorm,976.57,191,4.8,True
386,Product 386,Home,AutoZoom,898.65,960,2.9,True
387,Product 387,Books,GardenMaster,670.98,934,2.9,True
388,Product 388,Food,AutoZoom,458.03,678,3.3,True
389,Product 389,Sports,TechPro,71.59,24,1.0,True
390,Product 390,Toys,HomeSmart,412.39,674,3.1,True
391,Product 391,Food,ToyFun,199.04,139,3.4,True
392,Product 392,Clothing,HomeSmart,347.23,397,4.8,True
393,Product 393,Sports,SportMax,525.97,914,2.8,True
394,Product 394,Toys,AutoZoom,801.27,425,1.6,True
395,Product 395,Garden,ToyFun,491.52,396,4.5,True
396,Product 396,Garden,SportMax,-388.77,982,3.1,False
397,Product 397,Sports,HomeSmart,127.81,947,3.1,False
398,Product 398,Toys,AutoZoom,795.5,476,3.0,False
399,Product 399,Automotive,ToyFun,75.53,733,4.3,False
400,Product 400,Automotive,HomeSmart,850.01,282,3.6,True
401,Product 401,Sports,ToyFun,653.28,458,3.3,False
402,Product 402,Sports,BeautyGlow,670.89,314,5.0,False
403,Product 403,Toys,TechPro,131.88,567,4.1,False
404,Product 404,Electronics,HomeSmart,800.49,745,1.1,False
405,Product 405,Sports,BookWorm,913.59,278,1.4,True
406,Product 406,Automotive,HomeSmart,640.9,625,1.7,True
407,Product 407,Clothing,TechPro,165.96,155,2.4,True
408,Product 408,Home,HomeSmart,412.83,418,1.7,False
409,Product 409,Electronics,GardenMaster,632.72,206,2.4,True
410,Product 410,Toys,ToyFun,22.73,482,1.3,False
411,Product 411,Garden,ToyFun,512.22,428,3.6,False
412,Product 412,Toys,SportMax,596.37,429,4.5,False
413,Product 413,Beauty,TechPro,995.04,60,1.6,True
414,Product 414,Sports,HomeSmart,744.69,820,4.4,True
415,Product 415,Books,TastyBites,588.14,575,1.7,False
416,Product 416,Electronics,ToyFun,663.41,34,1.2,False
417,Product 417,Home,AutoZoom,825.31,56,3.9,True
418,Product 418,Home,ToyFun,51.11,643,4.6,False
419,Product 419,Electronics,TechPro,103.24,6,2.1,True
420,Product 420,Electronics,GardenMaster,269.55,686,3.3,False
421,Product 421,Clothing,TechPro,69.01,237,1.6,False
422,Product 422,Toys,HomeSmart,965.51,182,5.0,False
423,Product 423,Sports,TechPro,637.21,392,4.7,True
424,Product 424,Books,SportMax,484.89,535,2.6,True
425,Product 425,Garden,BookWorm,312.09,877,2.0,True
426,Product 426,Toys,FashionX,28.25,859,1.2,True
427,Product 427,Toys,TechPro,315.24,883,3.6,True
428,Product 428,Sports,GardenMaster,952.44,314,3.2,False
429,Product 429,Garden,GardenMaster,894.68,538,3.3,True
430,Product 430,Automotive,TechPro,30.78,642,4.1,False
431,Product 431,Home,HomeSmart,881.87,297,4.8,True
432,Product 432,Home,GardenMaster,597.9,411,1.3,False
433,Product 433,Books,TastyBites,484.14,463,3.9,False
434,Product 434,Food,TastyBites,147.78,740,3.2,False
435,Product 435,Clothing,FashionX,296.88,758,3.3,True
436,Product 436,Books,HomeSmart,-614.02,379,2.4,False
437,Product 437,Home,BeautyGlow,837.44,852,4.8,True
438,Product 438,Books,BookWorm,970.76,318,3.8,False
439,Product 439,Food,BookWorm,14.86,207,5.0,False
440,Product 440,Garden,GardenMaster,778.78,38,4.2,True
441,Product 441,Home,GardenMaster,406.7,424,3.6,False
442,Product 442,Electronics,SportMax,527.97,905,3.6,False
443,Product 443,Electronics,ToyFun,150.56,610,3.4,False
444,Product 444,Automotive,BeautyGlow,545.3,820,4.2,False
445,Product 445,Food,TastyBites,815.9,37,3.5,False
446,Product 446,Electronics,TastyBites,253.31,418,1.4,True
447,Product 447,Automotive,GardenMaster,223.02,717,2.6,True
448,Product 448,Beauty,HomeSmart,907.58,644,2.2,True
449,Product 449,Books,TastyBites,116.34,78,4.1,True
450,Product 450,Automotive,HomeSmart,483.05,771,3.3,True
451,Product 451,Home,ToyFun,21.12,903,2.4,False
452,Product 452,Books,AutoZoom,33.33,746,4.3,False
453,Product 453,Electronics,SportMax,237.26,596,1.2,True
454,Product 454,Toys,SportMax,941.31,450,3.9,True
455,Product 455,Beauty,TechPro,966.92,224,2.8,False
456,Product 456,Food,BookWorm,786.91,443,1.9000000000000001,True
457,Product 457,Beauty,AutoZoom,450.29,586,2.0,True
458,Product 458,Home,BeautyGlow,956.03,864,4.5,False
459,Product 459,Food,BookWorm,575.13,333,4.5,False
460,Product 460,Books,FashionX,442.95,250,4.5,False
461,Product 461,Food,BeautyGlow,73.13,526,2.3,False
462,Product 462,Sports,TechPro,836.75,27,3.3,True
463,Product 463,Sports,AutoZoom,660.53,144,4.4,False
464,Product 464,Automotive,BookWorm,422.25,587,1.6,True
465,Product 465,Home,AutoZoom,95.39,199,2.8,True
466,Product 466,Toys,FashionX,671.86,53,1.2,True
467,Product 467,Electronics,SportMax,902.05,618,3.8,True
468,Product 468,Automotive,AutoZoom,828.74,287,4.8,False
469,Product 469,Clothing,ToyFun,647.94,482,4.6,True
470,Product 470,Food,TastyBites,124.38,385,2.7,False
471,Product 471,Garden,AutoZoom,797.85,875,1.7,True
472,Product 472,Toys,BeautyGlow,901.58,619,2.0,False
473,Product 473,Clothing,HomeSmart,33.52,767,1.9000000000000001,True
474,Product 474,Toys,GardenMaster,887.88,309,2.8,True
475,Product 475,Garden,TechPro,996.34,320,1.4,False
476,Product 476,Garden,BeautyGlow,456.9,891,1.4,False
477,Product 477,Garden,AutoZoom,262.23,481,1.1,False
478,Product 478,Books,AutoZoom,774.66,647,2.4,True
479,Product 479,Sports,HomeSmart,945.67,768,2.2,True
480,Product 480,Clothing,HomeSmart,511.89,5,3.5,True
481,Product 481,Clothing,GardenMaster,593.08,798,4.5,True
482,Product 482,Food,TastyBites,990.96,354,4.1,False
483,Product 483,Clothing,GardenMaster,638.49,253,4.8,True
484,Product 484,Beauty,HomeSmart,629.89,905,1.6,True
485,Product 485,Garden,AutoZoom,-162.35,715,4.8,False
486,Product 486,Sports,GardenMaster,849.52,53,1.1,False
487,Product 487,Garden,TastyBites,505.81,530,2.8,True
488,Product 488,Sports,BookWorm,910.21,178,2.1,True
489,Product 489,Beauty,HomeSmart,628.47,896,4.1,False
490,Product 490,Garden,AutoZoom,337.13,440,4.4,False
491,Product 491,Food,ToyFun,967.29,443,3.7,True
492,Product 492,Toys,TechPro,512.45,131,2.2,False
493,Product 493,Food,AutoZoom,601.07,194,1.9000000000000001,True
494,Product 494,Food,HomeSmart,584.14,441,2.2,False
495,Product 495,Garden,ToyFun,228.38,258,4.3,False
496,Product 496,Electronics,TechPro,198.83,664,3.4,False
497,Product 497,Food,TechPro,639.35,454,2.7,False
498,Product 498,Clothing,ToyFun,41.07,280,1.6,False
499,Product 499,Sports,BookWorm,225.7,968,2.0,False
500,Product 500,Toys,FashionX,-407.13,930,2.0,True
501,Product 501,Garden,SportMax,653.9,168,2.2,False
502,Product 502,Food,SportMax,813.47,25,3.0,False
503,Product 503,Electronics,TechPro,681.61,645,3.3,False
504,Product 504,Sports,BeautyGlow,486.98,442,1.6,True
505,Product 505,Books,ToyFun,469.33,189,1.3,False
506,Product 506,Garden,AutoZoom,83.72,134,3.4,True
507,Product 507,Automotive,TastyBites,615.83,26,4.4,True
508,Product 508,Automotive,FashionX,353.97,3,4.5,True
509,Product 509,Garden,FashionX,963.63,684,2.0,True
510,Product 510,Clothing,ToyFun,936.51,761,3.8,True
511,Product 511,Toys,TechPro,226.05,721,3.0,True
512,Product 512,Food,BookWorm,418.01,763,5.0,True
513,Product 513,Electronics,HomeSmart,854.24,760,3.6,True
514,Product 514,Home,TechPro,692.87,409,1.9000000000000001,False
515,Product 515,Books,TechPro,47.62,984,4.8,True
516,Product 516,Garden,AutoZoom,351.59,409,4.4,False
517,Product 517,Food,AutoZoom,262.02,723,4.5,True
518,Product 518,Electronics,BookWorm,639.92,604,2.5,False
519,Product 519,Books,BeautyGlow,390.35,838,4.5,True
520,Product 520,Home,TechPro,340.88,18,3.7,True
521,Product 521,Electronics,ToyFun,498.26,188,2.4,True
522,Product 522,Clothing,ToyFun,392.84,186,3.2,False
523,Product 523,Toys,HomeSmart,824.67,804,1.2,False
524,Product 524,Sports,BookWorm,198.55,809,1.1,False
525,Product 525,Automotive,ToyFun,79.32,50,1.6,True
526,Product 526,Beauty,BeautyGlow,641.25,335,1.2,True
527,Product 527,Toys,TechPro,461.59,65,1.5,False
528,Product 528,Toys,AutoZoom,927.61,44,4.2,False
529,Product 529,Beauty,GardenMaster,268.66,928,4.2,False
530,Product 530,Home,BookWorm,579.31,814,1.1,True
531,Product 531,Home,TastyBites,11.81,699,2.8,False
532,Product 532,Electronics,GardenMaster,984.54,211,3.5,True
533,Product 533,Clothing,HomeSmart,178.88,490,1.2,True
534,Product 534,Clothing,AutoZoom,512.29,469,3.8,False
535,Product 535,Food,AutoZoom,395.86,17,3.5,False
536,Product 536,Sports,AutoZoom,985.79,163,3.9,False
537,Product 537,Home,GardenMaster,580.66,729,3.9,True
538,Product 538,Garden,BeautyGlow,246.1,409,3.1,False
539,Product 539,Food,TechPro,217.74,704,2.5,False
540,Product 540,Home,HomeSmart,562.43,221,1.6,False
541,Product 541,Automotive,BookWorm,365.01,172,2.3,True
542,Product 542,Books,AutoZoom,129.27,567,2.5,False
543,Product 543,Sports,TastyBites,753.31,63,5.0,True
544,Product 544,Books,BeautyGlow,807.95,447,3.2,False
545,Product 545,Garden,SportMax,502.13,708,4.5,False
546,Product 546,Garden,HomeSmart,969.99,433,3.2,True
547,Product 547,Toys,ToyFun,703.97,266,2.4,True
548,Product 548,Automotive,BookWorm,351.62,937,4.3,False
549,Product 549,Toys,SportMax,126.44,31,4.9,True
550,Product 550,Garden,BookWorm,514.72,536,1.4,False
551,Product 551,Automotive,SportMax,810.16,203,3.6,False
552,Product 552,Garden,BookWorm,414.57,673,2.1,True
553,Product 553,Beauty,FashionX,701.98,328,4.9,False
554,Product 554,Home,FashionX,518.27,37,1.3,False
555,Product 555,Sports,AutoZoom,-930.72,535,4.0,False
556,Product 556,Garden,GardenMaster,864.86,904,4.2,True
557,Product 557,Food,HomeSmart,123.92,707,3.3,False
558,Product 558,Electronics,ToyFun,957.75,8,3.6,True
559,Product 559,Automotive,HomeSmart,587.47,806,3.2,True
560,Product 560,Toys,ToyFun,340.69,534,1.1,False
561,Product 561,Electronics,BookWorm,669.01,525,2.5,True
562,Product 562,Sports,TechPro,567.17,209,2.7,True
563,Product 563,Home,BookWorm,120.09,511,3.0,True
564,Product 564,Toys,FashionX,865.03,461,1.4,False
565,Product 565,Toys,TechPro,412.74,157,4.4,True
566,Product 566,Books,TechPro,477.37,521,1.6,False
567,Product 567,Home,FashionX,518.64,555,2.7,False
568,Product 568,Food,BeautyGlow,919.2,192,3.2,True
569,Product 569,Sports,TechPro,183.5,465,3.8,True
570,Product 570,Books,FashionX,866.3,355,2.2,True
571,Product 571,Beauty,GardenMaster,514.29,827,2.0,True
572,Product 572,Automotive,BeautyGlow,130.38,191,2.3,False
573,Product 573,Home,TechPro,869.19,625,4.6,True
574,Product 574,Home,ToyFun,318.53,595,4.4,False
575,Product 575,Beauty,HomeSmart,819.11,947,1.4,True
576,Product 576,Home,GardenMaster,973.71,488,4.2,True
577,Product 577,Clothing,BookWorm,883.77,987,4.1,False
578,Product 578,Automotive,HomeSmart,168.89,421,2.9,False
579,Product 579,Home,ToyFun,268.6,587,3.9,True
580,Product 580,Books,BookWorm,550.99,897,2.3,False
581,Product 581,Food,SportMax,539.79,810,3.8,False
582,Product 582,Sports,BookWorm,52.94,284,4.5,True
583,Product 583,Beauty,AutoZoom,629.83,237,1.9000000000000001,True
584,Product 584,Sports,GardenMaster,404.34,240,4.7,True
585,Product 585,Clothing,BookWorm,409.81,223,3.7,True
586,Product 586,Sports,AutoZoom,12.16,756,4.5,True
587,Product 587,Home,GardenMaster,480.7,336,2.5,True
588,Product 588,Automotive,BookWorm,-529.46,583,4.8,True
589,Product 589,Beauty,BookWorm,922.63,975,2.6,False
590,Product 590,Automotive,AutoZoom,763.04,283,4.5,False
591,Product 591,Clothing,TechPro,506.45,567,4.8,False
592,Product 592,Home,GardenMaster,296.71,800,1.1,False
593,Product 593,Automotive,BeautyGlow,322.82,587,2.6,False
594,Product 594,Garden,BeautyGlow,150.66,455,4.2,True
595,Product 595,Books,TechPro,852.96,850,3.3,False
596,Product 596,Garden,BookWorm,75.11,245,4.1,True
597,Product 597,Food,ToyFun,-490.15,298,3.2,True
598,Product 598,Beauty,BookWorm,26.84,956,2.2,True
599,Product 599,Toys,TechPro,453.88,58,3.1,True
600,Product 600,Home,ToyFun,664.45,263,3.7,True
601,Product 601,Garden,ToyFun,248.15,538,3.0,True
602,Product 602,Automotive,HomeSmart,559.93,807,5.0,True
603,Product 603,Books,AutoZoom,547.56,25,3.5,True
604,Product 604,Automotive,TastyBites,705.09,960,3.8,True
605,Product 605,Automotive,SportMax,762.95,734,4.3,True
606,Product 606,Toys,ToyFun,368.55,867,1.2,False
607,Product 607,Automotive,BookWorm,246.37,879,3.8,True
608,Product 608,Home,GardenMaster,435.73,572,3.8,False
609,Product 609,Books,BookWorm,985.17,665,1.6,False
610,Product 610,Clothing,ToyFun,261.6,145,4.3,True
611,Product 611,Food,TastyBites,529.18,299,3.8,True
612,Product 612,Automotive,BeautyGlow,216.42,954,3.0,False
613,Product 613,Automotive,TechPro,667.93,596,2.0,True
614,Product 614,Food,SportMax,440.79,593,3.7,False
615,Product 615,Home,HomeSmart,228.23,449,3.9,False
616,Product 616,Electronics,TastyBites,530.11,828,4.2,True
617,Product 617,Beauty,AutoZoom,850.45,797,4.3,False
618,Product 618,Home,AutoZoom,514.58,301,2.1,True
619,Product 619,Books,HomeSmart,949.22,456,3.4,True
620,Product 620,Food,TechPro,430.9,926,4.6,False
621,Product 621,Sports,BookWorm,16.4,123,3.1,False
622,Product 622,Toys,GardenMaster,331.02,20,3.7,False
623,Product 623,Toys,AutoZoom,698.79,758,1.5,False
624,Product 624,Home,AutoZoom,277.69,739,4.4,False
625,Product 625,Food,TastyBites,949.57,444,1.1,False
626,Product 626,Electronics,TechPro,546.31,443,4.9,False
627,Product 627,Home,AutoZoom,701.18,455,4.5,False
628,Product 628,Books,SportMax,74.05,660,1.2,True
629,Product 629,Clothing,FashionX,472.3,159,3.1,True
630,Product 630,Beauty,TechPro,827.06,845,3.9,True
631,Product 631,Food,BookWorm,974.65,662,4.2,False
632,Product 632,Electronics,GardenMaster,542.55,112,1.8,True
633,Product 633,Clothing,BookWorm,354.77,312,4.4,True
634,Product 634,Sports,TastyBites,215.72,690,3.5,True
635,Product 635,Home,BookWorm,716.3,808,2.2,True
636,Product 636,Beauty,HomeSmart,778.43,174,4.4,True
637,Product 637,Automotive,SportMax,465.09,230,3.5,True
638,Product 638,Beauty,GardenMaster,432.34,441,4.7,True
639,Product 639,Toys,HomeSmart,109.79,647,1.6,False
640,Product 640,Books,FashionX,963.36,502,4.0,True
641,Product 641,Electronics,TastyBites,973.08,413,4.9,False
642,Product 642,Books,TechPro,-606.65,387,1.3,False
643,Product 643,Food,ToyFun,338.84,290,1.3,True
644,Product 644,Electronics,SportMax,374.54,932,4.4,True
645,Product 645,Clothing,HomeSmart,940.93,756,3.4,False
646,Product 646,Automotive,TechPro,735.92,351,1.7,False
647,Product 647,Electronics,TastyBites,260.51,204,2.3,True
648,Product 648,Beauty,BeautyGlow,106.04,931,4.2,False
649,Product 649,Food,FashionX,956.55,664,4.8,False
650,Product 650,Food,BeautyGlow,856.04,94,1.8,False
651,Product 651,Home,TechPro,191.69,195,2.5,True
652,Product 652,Garden,TastyBites,-32.12,985,3.3,True
653,Product 653,Books,TechPro,427.24,167,3.8,True
654,Product 654,Garden,SportMax,754.6,972,1.6,True
655,Product 655,Automotive,HomeSmart,860.57,568,1.5,False
656,Product 656,Home,AutoZoom,54.88,971,1.2,False
657,Product 657,Clothing,TechPro,499.41,932,2.4,True
658,Product 658,Garden,ToyFun,382.7,402,2.9,True
659,Product 659,Books,BookWorm,243.14,138,4.8,False
660,Product 660,Home,TechPro,578.11,338,3.8,False
661,Product 661,Clothing,ToyFun,712.84,126,1.9000000000000001,False
662,Product 662,Electronics,ToyFun,619.53,218,2.1,True
663,Product 663,Toys,TechPro,823.85,473,2.5,False
664,Product 664,Food,AutoZoom,31.17,603,4.0,True
665,Product 665,Home,TechPro,57.59,170,2.9,True
666,Product 666,Sports,BeautyGlow,876.89,665,1.4,True
667,Product 667,Sports,FashionX,46.89,348,4.6,True
668,Product 668,Books,SportMax,778.86,50,4.4,False
669,Product 669,Clothing,HomeSmart,121.21,287,1.3,True
670,Product 670,Toys,BookWorm,-674.24,24,4.1,True
671,Product 671,Books,SportMax,419.01,29,2.7,True
672,Product 672,Toys,HomeSmart,354.8,243,3.0,True
673,Product 673,Beauty,TastyBites,616.05,297,2.3,True
674,Product 674,Food,ToyFun,732.18,192,3.6,False
675,Product 675,Automotive,BeautyGlow,950.59,148,1.5,False
676,Product 676,Books,TechPro,182.01,707,4.0,True
677,Product 677,Beauty,FashionX,612.63,989,4.6,False
678,Product 678,Beauty,SportMax,139.57,324,1.9000000000000001,True
679,Product 679,Sports,FashionX,429.86,779,4.2,False
680,Product 680,Home,TechPro,661.93,735,1.7,True
681,Product 681,Clothing,AutoZoom,263.62,2,4.7,True
682,Product 682,Automotive,AutoZoom,888.61,69,4.9,True
683,Product 683,Automotive,FashionX,156.98,630,1.2,False
684,Product 684,Beauty,ToyFun,39.04,618,4.5,True
685,Product 685,Toys,SportMax,311.53,37,3.4,True
686,Product 686,Beauty,AutoZoom,688.76,887,2.5,True
687,Product 687,Sports,AutoZoom,822.75,363,2.8,False
688,Product 688,Beauty,GardenMaster,66.06,185,3.7,True
689,Product 689,Garden,FashionX,832.19,845,2.2,True
690,Product 690,Food,BookWorm,984.91,552,4.3,True
691,Product 691,Sports,BeautyGlow,922.0,247,1.1,True
692,Product 692,Automotive,GardenMaster,-401.14,597,2.1,True
693,Product 693,Toys,ToyFun,717.72,875,3.5,True
694,Product 694,Toys,GardenMaster,803.59,623,3.4,True
695,Product 695,Toys,GardenMaster,839.36,411,3.7,True
696,Product 696,Books,AutoZoom,805.77,349,3.8,True
697,Product 697,Electronics,TastyBites,269.95,37,4.0,False
698,Product 698,Sports,GardenMaster,216.69,936,2.3,True
699,Product 699,Automotive,BeautyGlow,415.27,353,3.7,False
700,Product 700,Toys,TechPro,651.72,977,2.7,True
701,Product 701,Beauty,TechPro,853.12,461,2.3,False
702,Product 702,Automotive,BeautyGlow,819.74,124,4.2,True
703,Product 703,Automotive,SportMax,559.77,709,4.3,True
704,Product 704,Toys,GardenMaster,344.43,900,3.8,True
705,Product 705,Electronics,FashionX,50.47,84,3.4,True
706,Product 706,Clothing,TastyBites,955.23,800,3.4,True
707,Product 707,Home,ToyFun,854.81,352,2.4,False
708,Product 708,Toys,BookWorm,45.82,505,3.0,False
709,Product 709,Books,TastyBites,721.03,404,3.8,True
710,Product 710,Books,HomeSmart,236.4,859,2.7,False
711,Product 711,Automotive,GardenMaster,365.94,530,2.3,True
712,Product 712,Clothing,AutoZoom,337.87,770,3.4,True
713,Product 713,Clothing,BookWorm,271.74,722,3.0,True
714,Product 714,Electronics,SportMax,235.69,247,3.8,True
715,Product 715,Garden,FashionX,634.88,138,1.3,True
716,Product 716,Toys,AutoZoom,416.06,605,3.6,False
717,Product 717,Toys,ToyFun,631.21,235,5.0,True
718,Product 718,Garden,GardenMaster,234.4,376,2.4,True
719,Product 719,Books,SportMax,570.43,154,2.6,True
720,Product 720,Home,BeautyGlow,476.95,585,3.8,False
721,Product 721,Food,BookWorm,477.58,947,3.1,False
722,Product 722,Books,BookWorm,691.39,504,2.4,True
723,Product 723,Food,TastyBites,107.19,766,1.5,True
724,Product 724,Beauty,BeautyGlow,928.53,924,1.1,True
725,Product 725,Books,HomeSmart,377.09,237,1.7,True
726,Product 726,Toys,GardenMaster,444.47,512,3.5,False
727,Product 727,Sports,ToyFun,724.69,323,3.6,False
728,Product 728,Automotive,FashionX,445.27,730,3.8,True
729,Product 729,Home,FashionX,449.24,5,4.1,True
730,Product 730,Home,TastyBites,994.6,818,3.4,True
731,Product 731,Beauty,BeautyGlow,268.67,595,5.0,True
732,Product 732,Toys,TastyBites,644.1,953,2.6,False
733,Product 733,Clothing,AutoZoom,887.62,537,1.2,False
734,Product 734,Clothing,BeautyGlow,990.75,331,2.0,False
735,Product 735,Home,TastyBites,29.23,225,3.6,False
736,Product 736,Automotive,SportMax,134.71,876,2.3,True
737,Product 737,Clothing,AutoZoom,482.9,27,4.5,False
738,Product 738,Sports,TechPro,609.23,139,3.3,True
739,Product 739,Sports,BeautyGlow,913.15,934,4.6,True
740,Product 740,Toys,BeautyGlow,830.79,350,2.6,True
741,Product 741,Food,TastyBites,110.52,998,2.4,False
742,Product 742,Sports,BookWorm,516.54,904,4.8,False
743,Product 743,Electronics,AutoZoom,212.1,231,2.1,False
744,Product 744,Garden,TechPro,-996.07,163,2.0,True
745,Product 745,Beauty,HomeSmart,844.96,115,3.4,False
746,Product 746,Home,AutoZoom,803.1,339,2.8,False
747,Product 747,Sports,BookWorm,309.14,905,1.2,False
748,Product 748,Sports,SportMax,864.57,713,4.4,False
749,Product 749,Sports,HomeSmart,441.89,844,3.5,False
750,Product 750,Home,BookWorm,353.99,236,3.2,True
751,Product 751,Beauty,GardenMaster,158.29,649,3.6,False
752,Product 752,Automotive,ToyFun,154.93,77,4.0,False
753,Product 753,Garden,ToyFun,998.28,18,3.8,True
754,Product 754,Food,BeautyGlow,832.09,946,4.2,True
755,Product 755,Automotive,BeautyGlow,964.62,698,3.3,True
756,Product 756,Clothing,HomeSmart,569.0,991,1.6,True
757,Product 757,Books,HomeSmart,169.61,259,2.1,False
758,Product 758,Books,FashionX,667.92,42,2.4,False
759,Product 759,Food,GardenMaster,538.03,273,4.3,False
760,Product 760,Sports,ToyFun,380.71,712,1.9000000000000001,False
761,Product 761,Clothing,GardenMaster,115.08,165,3.7,True
762,Product 762,Food,ToyFun,253.56,260,3.5,False
763,Product 763,Beauty,FashionX,895.23,20,4.0,True
764,Product 764,Automotive,BeautyGlow,340.24,46,1.7,False
765,Product 765,Clothing,ToyFun,124.6,304,4.8,False
766,Product 766,Beauty,HomeSmart,832.73,682,4.7,False
767,Product 767,Home,FashionX,832.72,167,4.8,False
768,Product 768,Clothing,HomeSmart,256.15,679,2.2,False
769,Product 769,Sports,HomeSmart,90.6,683,2.0,True
770,Product 770,Books,BeautyGlow,49.19,262,3.1,False
771,Product 771,Food,HomeSmart,820.99,708,2.7,True
772,Product 772,Electronics,HomeSmart,851.84,785,1.9000000000000001,False
773,Product 773,Electronics,AutoZoom,90.86,290,1.5,True
774,Product 774,Food,SportMax,210.99,736,3.3,True
775,Product 775,Books,TechPro,950.35,673,3.3,True
776,Product 776,Electronics,BookWorm,454.76,410,4.5,True
777,Product 777,Beauty,GardenMaster,794.21,19,3.5,True
778,Product 778,Home,FashionX,64.89,50,2.5,False
779,Product 779,Garden,TastyBites,674.34,290,2.3,True
780,Product 780,Sports,BeautyGlow,825.86,861,4.8,True
781,Product 781,Electronics,BookWorm,825.69,973,4.9,False
782,Product 782,Automotive,BookWorm,348.24,476,3.0,False
783,Product 783,Toys,SportMax,-330.96,147,3.9,True
784,Product 784,Electronics,SportMax,580.95,568,1.6,True
785,Product 785,Garden,FashionX,790.34,664,3.6,True
786,Product 786,Clothing,BeautyGlow,640.29,729,4.8,False
787,Product 787,Food,BeautyGlow,933.77,121,1.2,False
788,Product 788,Sports,TechPro,163.81,708,3.6,True
789,Product 789,Home,TechPro,572.94,375,1.2,True
790,Product 790,Clothing,ToyFun,159.45,539,1.9000000000000001,True
791,Product 791,Garden,BeautyGlow,343.46,196,1.3,False
792,Product 792,Books,FashionX,833.32,115,2.3,True
793,Product 793,Automotive,AutoZoom,655.98,372,4.3,True
794,Product 794,Electronics,GardenMaster,264.88,716,3.4,False
795,Product 795,Food,GardenMaster,850.83,54,1.4,True
796,Product 796,Clothing,AutoZoom,153.2,122,4.1,False
797,Product 797,Home,GardenMaster,662.87,862,3.0,False
798,Product 798,Beauty,ToyFun,234.34,365,2.8,True
799,Product 799,Food,SportMax,66.64,780,1.1,True
800,Product 800,Electronics,FashionX,245.87,536,3.6,False
801,Product 801,Home,HomeSmart,228.94,267,3.1,False
802,Product 802,Electronics,HomeSmart,297.72,666,1.3,False
803,Product 803,Sports,AutoZoom,574.05,397,3.9,True
804,Product 804,Electronics,HomeSmart,799.53,890,3.1,True
805,Product 805,Toys,FashionX,692.39,793,2.1,True
806,Product 806,Toys,TastyBites,498.3,140,1.6,False
807,Product 807,Electronics,TechPro,50.08,145,4.8,True
808,Product 808,Automotive,HomeSmart,853.97,682,1.6,False
809,Product 809,Toys,HomeSmart,486.01,621,3.5,True
810,Product 810,Clothing,TechPro,753.88,143,1.9000000000000001,False
811,Product 811,Sports,AutoZoom,709.66,26,2.3,False
812,Product 812,Sports,TechPro,267.54,251,4.7,True
813,Product 813,Garden,BeautyGlow,563.75,40,4.4,True
814,Product 814,Electronics,ToyFun,92.63,960,4.4,False
815,Product 815,Automotive,TastyBites,154.16,736,4.2,True
816,Product 816,Books,TastyBites,835.47,953,4.4,False
817,Product 817,Sports,GardenMaster,530.94,697,1.9000000000000001,True
818,Product 818,Garden,ToyFun,545.01,119,4.0,True
819,Product 819,Electronics,AutoZoom,966.64,41,4.1,False
820,Product 820,Sports,SportMax,138.1,384,2.3,False
821,Product 821,Home,AutoZoom,863.54,810,4.0,False
822,Product 822,Sports,TastyBites,411.29,297,4.7,False
823,Product 823,Clothing,SportMax,370.12,539,2.3,False
824,Product 824,Electronics,AutoZoom,51.18,500,1.0,True
825,Product 825,Clothing,TastyBites,28.52,500,1.0,False
826,Product 826,Beauty,AutoZoom,337.45,95,4.2,False
827,Product 827,Books,SportMax,430.29,349,1.2,True
828,Product 828,Food,TastyBites,973.33,4,3.3,False
829,Product 829,Automotive,ToyFun,138.5,191,4.4,True
830,Product 830,Food,TechPro,986.14,128,1.1,False
831,Product 831,Electronics,BookWorm,565.82,731,1.5,True
832,Product 832,Home,GardenMaster,371.83,963,2.2,True
833,Product 833,Toys,HomeSmart,137.74,81,2.2,True
834,Product 834,Clothing,BeautyGlow,517.24,744,3.7,True
835,Product 835,Home,BeautyGlow,740.57,226,2.9,True
836,Product 836,Toys,BookWorm,21.38,682,2.1,True
837,Product 837,Sports,SportMax,550.99,155,2.3,True
838,Product 838,Books,BookWorm,581.94,802,1.1,True
839,Product 839,Clothing,SportMax,911.42,857,1.0,False
840,Product 840,Beauty,TastyBites,229.95,105,4.4,False
841,Product 841,Clothing,ToyFun,950.64,400,2.4,False
842,Product 842,Food,BookWorm,858.54,830,4.8,True
843,Product 843,Food,TechPro,541.52,344,4.4,False
844,Product 844,Electronics,HomeSmart,215.19,191,2.2,True
845,Product 845,Home,SportMax,640.8,160,1.2,False
846,Product 846,Automotive,TastyBites,451.91,179,2.4,True
847,Product 847,Beauty,BookWorm,245.46,353,1.8,False
848,Product 848,Sports,GardenMaster,152.78,573,2.2,True
849,Product 849,Toys,GardenMaster,533.69,684,1.8,True
850,Product 850,Food,ToyFun,906.22,732,2.5,True
851,Product 851,Sports,GardenMaster,258.65,856,1.6,True
852,Product 852,Automotive,TechPro,720.56,417,3.7,True
853,Product 853,Food,SportMax,270.42,517,2.2,True
854,Product 854,Clothing,TechPro,112.15,733,4.6,True
855,Product 855,Books,TechPro,225.02,995,3.8,True
856,Product 856,Garden,FashionX,129.28,36,2.5,False
857,Product 857,Food,BeautyGlow,128.76,352,2.8,True
858,Product 858,Garden,AutoZoom,708.02,929,4.5,False
859,Product 859,Beauty,BeautyGlow,460.09,563,2.3,False
860,Product 860,Toys,AutoZoom,750.09,11,3.0,False
861,Product 861,Sports,TastyBites,710.46,981,3.3,False
862,Product 862,Electronics,GardenMaster,752.9,667,1.5,True
863,Product 863,Toys,BookWorm,625.74,876,3.4,True
864,Product 864,Sports,SportMax,858.15,947,4.3,False
865,Product 865,Food,GardenMaster,407.38,230,4.7,False
866,Product 866,Electronics,TechPro,800.37,435,4.8,True
867,Product 867,Food,BeautyGlow,650.49,314,3.3,False
868,Product 868,Toys,AutoZoom,380.53,889,3.0,True
869,Product 869,Toys,GardenMaster,601.22,827,2.0,True
870,Product 870,Home,FashionX,564.09,332,2.1,True
871,Product 871,Books,TastyBites,805.82,51,2.6,False
872,Product 872,Toys,HomeSmart,978.87,659,1.2,True
873,Product 873,Food,BeautyGlow,962.47,66,4.8,False
874,Product 874,Home,FashionX,721.86,375,3.7,False
875,Product 875,Clothing,HomeSmart,432.13,588,1.9000000000000001,True
876,Product 876,Toys,BeautyGlow,36.34,191,1.7,True
877,Product 877,Clothing,TechPro,434.28,981,4.0,False
878,Product 878,Food,ToyFun,514.47,81,3.4,False
879,Product 879,Automotive,HomeSmart,66.51,85,3.6,True
880,Product 880,Beauty,BookWorm,742.12,71,2.0,False
881,Product 881,Sports,ToyFun,263.41,436,3.4,False
882,Product 882,Beauty,AutoZoom,261.86,186,4.1,True
883,Product 883,Food,SportMax,371.07,728,2.5,True
884,Product 884,Beauty,AutoZoom,636.33,38,4.7,False
885,Product 885,Beauty,HomeSmart,19.09,946,3.5,True
886,Product 886,Garden,TechPro,383.89,5,3.1,True
887,Product 887,Garden,TastyBites,790.37,793,2.4,False
888,Product 888,Beauty,HomeSmart,893.34,543,1.8,True
889,Product 889,Garden,BookWorm,952.85,724,1.2,False
890,Product 890,Sports,SportMax,193.32,10,2.0,True
891,Product 891,Home,FashionX,40.53,840,1.1,True
892,Product 892,Automotive,SportMax,860.32,997,3.3,True
893,Product 893,Sports,TastyBites,498.61,986,2.4,True
894,Product 894,Food,TastyBites,776.86,577,3.7,True
895,Product 895,Automotive,HomeSmart,821.07,305,4.8,False
896,Product 896,Beauty,HomeSmart,445.85,362,1.2,True
897,Product 897,Electronics,GardenMaster,756.13,566,4.0,True
898,Product 898,Beauty,TastyBites,289.39,611,1.9000000000000001,False
899,Product 899,Electronics,SportMax,411.17,793,2.8,True
900,Product 900,Home,SportMax,932.44,996,1.3,True
901,Product 901,Sports,TechPro,617.01,883,2.0,False
902,Product 902,Toys,ToyFun,504.23,278,4.2,True
903,Product 903,Clothing,FashionX,283.36,508,2.1,False
904,Product 904,Beauty,TastyBites,746.41,272,1.1,False
905,Product 905,Food,ToyFun,513.49,875,2.3,False
906,Product 906,Electronics,HomeSmart,71.32,458,3.5,True
907,Product 907,Books,BeautyGlow,358.78,911,2.0,False
908,Product 908,Sports,TechPro,261.16,1,1.5,False
909,Product 909,Clothing,FashionX,345.64,560,3.0,False
910,Product 910,Food,SportMax,939.79,775,2.5,False
911,Product 911,Electronics,AutoZoom,604.72,321,3.7,True
912,Product 912,Toys,TechPro,618.6,124,4.4,False
913,Product 913,Electronics,SportMax,958.79,161,1.1,False
914,Product 914,Home,HomeSmart,219.12,570,1.8,True
915,Product 915,Books,TechPro,759.91,869,1.2,False
916,Product 916,Electronics,AutoZoom,971.52,862,1.6,False
917,Product 917,Sports,GardenMaster,35.62,203,3.9,True
918,Product 918,Beauty,GardenMaster,638.0,403,2.5,True
919,Product 919,Garden,BeautyGlow,62.97,11,3.4,False
920,Product 920,Toys,TechPro,176.35,721,2.7,True
921,Product 921,Toys,TastyBites,525.61,84,1.4,False
922,Product 922,Beauty,BeautyGlow,253.65,312,3.1,True
923,Product 923,Sports,SportMax,83.69,981,2.9,False
924,Product 924,Clothing,BeautyGlow,891.67,714,4.9,True
925,Product 925,Food,AutoZoom,170.59,855,3.9,True
926,Product 926,Home,GardenMaster,-889.17,815,4.9,True
927,Product 927,Food,FashionX,768.99,950,2.0,False
928,Product 928,Books,BeautyGlow,746.17,246,4.4,True
929,Product 929,Garden,BookWorm,334.19,140,1.6,True
930,Product 930,Beauty,FashionX,934.46,730,3.7,True
931,Product 931,Books,GardenMaster,880.98,850,1.5,False
932,Product 932,Garden,TechPro,93.17,566,1.0,False
933,Product 933,Toys,BeautyGlow,616.36,309,3.2,False
934,Product 934,Garden,FashionX,254.95,247,1.7,False
935,Product 935,Garden,AutoZoom,924.94,920,3.6,False
936,Product 936,Toys,FashionX,361.15,492,4.7,False
937,Product 937,Beauty,TechPro,480.12,865,2.2,True
938,Product 938,Food,BeautyGlow,517.06,998,4.3,False
939,Product 939,Sports,BeautyGlow,59.31,303,2.4,False
940,Product 940,Toys,ToyFun,98.62,295,3.3,False
941,Product 941,Sports,HomeSmart,170.86,24,2.4,True
942,Product 942,Food,ToyFun,574.35,638,3.0,False
943,Product 943,Sports,BookWorm,778.9,563,2.7,False
944,Product 944,Home,ToyFun,94.33,188,1.3,False
945,Product 945,Clothing,GardenMaster,252.05,363,2.1,False
946,Product 946,Electronics,AutoZoom,652.26,898,2.3,True
947,Product 947,Clothing,BeautyGlow,373.26,312,4.5,False
948,Product 948,Books,FashionX,77.79,218,4.0,False
949,Product 949,Garden,SportMax,842.25,269,1.6,True
950,Product 950,Toys,SportMax,325.03,342,2.3,True
951,Product 951,Food,BookWorm,990.83,462,4.2,True
952,Product 952,Electronics,BookWorm,797.26,842,3.9,False
953,Product 953,Sports,BeautyGlow,134.17,171,3.5,False
954,Product 954,Beauty,HomeSmart,20.02,963,4.8,False
955,Product 955,Home,FashionX,78.01,151,4.7,True
956,Product 956,Toys,SportMax,333.69,171,1.2,True
957,Product 957,Sports,BeautyGlow,179.22,416,3.5,False
958,Product 958,Toys,HomeSmart,500.85,453,4.6,False
959,Product 959,Food,TastyBites,503.24,141,1.2,False
960,Product 960,Garden,FashionX,524.44,901,4.5,False
961,Product 961,Automotive,BookWorm,704.42,221,1.2,True
962,Product 962,Books,AutoZoom,950.13,25,4.8,False
963,Product 963,Beauty,TechPro,63.37,218,1.0,False
964,Product 964,Clothing,ToyFun,880.84,343,3.8,True
965,Product 965,Food,ToyFun,276.28,928,4.8,True
966,Product 966,Toys,GardenMaster,505.83,583,4.9,True
967,Product 967,Garden,SportMax,625.24,337,3.1,False
968,Product 968,Toys,TechPro,904.79,248,4.8,True
969,Product 969,Books,TastyBites,255.63,171,4.3,False
970,Product 970,Toys,FashionX,628.87,615,4.8,True
971,Product 971,Beauty,BookWorm,622.35,201,3.5,False
972,Product 972,Clothing,HomeSmart,22.65,249,2.1,True
973,Product 973,Electronics,AutoZoom,549.68,452,4.1,False
974,Product 974,Toys,FashionX,777.18,395,5.0,False
975,Product 975,Food,AutoZoom,802.38,447,2.9,False
976,Product 976,Automotive,ToyFun,668.31,975,1.7,False
977,Product 977,Books,BookWorm,570.26,107,3.0,False
978,Product 978,Toys,FashionX,136.88,863,4.8,True
979,Product 979,Beauty,TastyBites,858.77,759,4.9,False
980,Product 980,Garden,BeautyGlow,112.17,290,1.4,True
981,Product 981,Books,ToyFun,809.45,486,3.2,False
982,Product 982,Garden,ToyFun,295.53,154,2.2,False
983,Product 983,Home,FashionX,437.94,879,2.8,True
984,Product 984,Clothing,TastyBites,571.86,160,3.7,True
985,Product 985,Electronics,BookWorm,-27.11,212,2.3,True
986,Product 986,Garden,GardenMaster,404.64,157,2.7,True
987,Product 987,Electronics,BookWorm,660.66,739,2.0,False
988,Product 988,Sports,HomeSmart,686.61,625,1.6,True
989,Product 989,Sports,BookWorm,157.03,266,1.0,True
990,Product 990,Garden,SportMax,215.18,569,3.4,True
991,Product 991,Automotive,SportMax,256.21,156,3.3,True
992,Product 992,Beauty,ToyFun,640.01,694,4.6,False
993,Product 993,Clothing,GardenMaster,663.01,115,3.8,True
994,Product 994,Home,BookWorm,899.02,365,3.3,False
995,Product 995,Food,TechPro,368.63,441,4.4,True
996,Product 996,Garden,HomeSmart,650.69,297,2.4,False
997,Product 997,Food,AutoZoom,259.29,468,1.2,True
998,Product 998,Automotive,HomeSmart,48.12,631,1.6,True
999,Product 999,Toys,FashionX,794.18,386,3.1,True
1000,Product 1000,Electronics,BookWorm,759.11,529,3.5,False
